t_in,t_rcv,latence_us,q0_in,q0_rcv
16190309833,16190309863,30,0.493767,0.000000
16190402345,16190402375,30,0.497618,0.008709
16190504087,16190504139,52,0.497618,0.037324
16190605761,16190605793,32,0.497618,0.071849
16190707496,16190707521,25,0.333322,0.135109
16190809220,16190809247,27,0.228186,0.254981
16190911338,16190911370,32,0.108274,0.344614
16191002859,16191002876,17,-0.018695,0.409165
16191104281,16191104302,21,-0.018695,0.477724
16191206585,16191206611,26,-0.250227,0.526341
16191409919,16191409944,25,-0.430198,0.563831
16191511510,16191511542,32,-0.480595,0.552714
16191613033,16191613061,28,-0.499861,0.521690
16191806090,16191806108,18,-0.441909,0.415973
16191907649,16191907680,31,-0.441909,0.365392
16192009319,16192009346,27,-0.376910,0.309458
16192111447,16192111490,43,-0.168374,0.217419
16192213236,16192213267,31,-0.168374,0.154626
16192304651,16192304666,15,0.083971,0.031462
16192406367,16192406394,27,0.083971,-0.018605
16192508275,16192508302,27,0.304282,-0.103093
16192660773,16192660799,26,0.459516,-0.167868
16192762459,16192762490,31,0.480967,-0.208299
16192864649,16192864676,27,0.499885,-0.233517
16192966158,16192966189,31,0.486396,-0.243009
16193058465,16193058486,21,0.440976,-0.241307
16193160736,16193160755,19,0.440976,-0.221622
16193465983,16193466010,27,0.040152,-0.040685
16193567549,16193567581,32,0.040152,0.079289
16193710102,16193710122,20,-0.316978,0.134368
16193812751,16193812785,34,-0.354805,0.206260
16194016314,16194016332,18,-0.482110,0.292876
16194117862,16194117888,26,-0.499961,0.302527
16194209242,16194209258,16,-0.485214,0.294642
16194310899,16194310918,19,-0.439076,0.271517
16194513999,16194514025,26,-0.276934,0.153128
16194717750,16194717777,27,-0.162706,-0.081097
16194819269,16194819297,28,0.089502,-0.160044
16195012145,16195012166,21,0.089502,-0.254118
16195113791,16195113823,32,0.405613,-0.286343
16195215922,16195215951,29,0.461484,-0.296438
16195317530,16195317549,19,0.461484,-0.295058
16195419105,16195419151,46,0.496578,-0.254052
16195520742,16195520764,22,0.465704,-0.166627
16195713704,16195713726,22,0.317310,0.192635
16195815171,16195815335,164,0.209598,0.322066
16195916688,16195916712,24,0.100633,0.379653
16196018136,16196018158,22,0.100633,0.393019
16196119632,16196119653,21,-0.151390,0.361727
16196221212,16196221232,20,-0.266674,0.285667
16196424221,16196424247,26,-0.439320,-0.058495
16196515939,16196515960,21,-0.485333,-0.199866
16196618278,16196618330,52,-0.499962,-0.325530
16196720224,16196720245,21,-0.485400,-0.431628
16196924050,16196924083,33,-0.363759,-0.487421
16197025676,16197025702,26,-0.363759,-0.476291
16197219290,16197219324,34,-0.148831,-0.367555
16197321020,16197321060,40,0.091006,-0.244641
16197524423,16197524475,52,0.320365,-0.044493
16197626158,16197626187,29,0.407061,0.081170
16197717800,16197717820,20,0.467205,0.206833
16197819363,16197819385,22,0.497059,0.332497
16197920926,16197920944,18,0.494574,0.435854
16198022567,16198022605,38,0.464862,0.513681
16198124968,16198125002,34,0.464862,0.554924
16198227098,16198227133,35,0.315605,0.589291
16198328682,16198328706,24,0.206472,0.611398
16198420405,16198420422,17,0.206472,0.613179
16198522273,16198522309,36,0.084042,0.595898
16198623828,16198623849,21,-0.155846,0.559691
16198928748,16198928777,29,-0.441892,0.312673
16199020887,16199020900,13,-0.486645,0.187326
16199223889,16199223913,24,-0.483779,-0.016877
16199325468,16199325495,27,-0.436268,-0.095416
16199529440,16199529462,22,-0.261361,-0.318169
16199631405,16199631430,25,-0.144844,-0.400398
16199824429,16199824449,20,-0.018934,-0.505342
16200027658,16200027683,25,0.323539,-0.528400
16200129122,16200129145,23,0.409306,-0.513696
16200230482,16200230505,23,0.468612,-0.476674
16200331842,16200331861,19,0.468612,-0.419795
16200433214,16200433248,34,0.468612,-0.354263
16200524784,16200524801,17,0.458827,-0.261772
16200626276,16200626301,25,0.394062,-0.120429
16200727818,16200727837,19,0.394062,0.020943
16200829204,16200829230,26,0.204908,0.083775
16201133577,16201133603,26,-0.043839,0.315024
16201235267,16201235446,179,-0.281356,0.350020
16201326910,16201326929,19,-0.376462,0.383649
16201428434,16201428454,20,-0.376462,0.388728
16201530223,16201530254,31,-0.486579,0.372878
16201631983,16201632014,31,-0.499869,0.337643
16201733755,16201733781,26,-0.480721,0.298155
16201835254,16201835282,28,-0.430261,0.237030
16201937190,16201937216,26,-0.351966,0.147898
16202038721,16202038769,48,-0.250798,0.027813
16202130351,16202130370,19,-0.250798,-0.003562
16202231772,16202231794,22,-0.007058,-0.183296
16202334565,16202334585,20,0.107344,-0.330749
16202436660,16202436689,29,0.226966,-0.414445
16202538121,16202538140,19,0.332844,-0.454928
16202639791,16202639810,19,0.416956,-0.470192
16202731181,16202731195,14,0.473058,-0.443922
16202934047,16202934067,20,0.493957,-0.212250
16203035830,16203035849,19,0.458454,-0.070891
16203238957,16203238977,20,0.302444,0.227560
16203340550,16203340588,38,0.192153,0.395528
16203442606,16203442622,16,0.192153,0.441563
16203534067,16203534089,22,0.069291,0.518706
16203636386,16203636410,24,-0.181586,0.563499
16203738672,16203738696,24,-0.283361,0.592274
16203840368,16203840397,29,-0.378799,0.616539
16204043547,16204043578,31,-0.490177,0.630701
16204145170,16204145200,30,-0.499190,0.619508
16204236662,16204236675,13,-0.475832,0.597117
16204439911,16204439933,22,-0.475832,0.542537
16204643267,16204643299,32,-0.129686,0.469452
16204744986,16204745011,25,-0.003457,0.412938
16204846790,16204846816,26,-0.003457,0.381838
16204948416,16204948440,24,0.122948,0.350501
16205039799,16205039818,19,0.344485,0.288011
16205242733,16205242758,25,0.473739,0.176212
16205344077,16205344109,32,0.498763,0.127823
16205547056,16205547086,30,0.452512,0.064595
16205750222,16205750248,26,0.291123,0.012577
16205842120,16205842139,19,0.179089,-0.015878
16206045142,16206045170,28,-0.059687,-0.057855
16206146785,16206146809,24,-0.183303,-0.071970
16206248479,16206248509,30,-0.183303,-0.078015
16206350108,16206350137,29,-0.183303,-0.089455
16206451723,16206451754,31,-0.454626,-0.114062
16206553586,16206553651,65,-0.492459,-0.147047
16206645139,16206645163,24,-0.498347,-0.189844
16206848660,16206848689,29,-0.383929,-0.256583
16206950444,16206950485,41,-0.383929,-0.335595
16207052044,16207052074,30,-0.383929,-0.385591
16207153840,16207153887,47,-0.116934,-0.386576
16207347201,16207347928,727,0.135811,-0.367574
16207449824,16207449847,23,0.242028,-0.340430
16207652916,16207652941,25,0.425826,-0.232071
16207754550,16207754582,32,0.425826,-0.097727
16207957624,16207957649,25,0.488578,0.090755
16208048896,16208048905,9,0.445903,0.216419
16208252369,16208252393,24,0.289176,0.398380
16208455842,16208455870,28,0.052639,0.540210
16208557709,16208557735,26,-0.075155,0.609879
16208659700,16208659736,36,-0.197467,0.643314
16208751440,16208751461,21,-0.197467,0.654510
16208852828,16208852850,22,-0.307373,0.664463
16208954524,16208954551,27,-0.396979,0.680635
16209056257,16209056285,28,-0.396979,0.691831
16209158271,16209158299,28,-0.396979,0.698050
16209259881,16209259904,23,-0.470717,0.699293
16209361570,16209361606,36,-0.412592,0.686848
16209453138,16209453159,21,-0.327729,0.659630
16209555115,16209555139,24,-0.327729,0.624170
16209758265,16209758298,33,0.013415,0.480252
16210063334,16210063354,20,0.356298,0.148282
16210154843,16210154863,20,0.433370,0.076856
16210358052,16210358081,29,0.499669,-0.064674
16210459968,16210460014,46,0.488076,-0.096821
16210561748,16210561789,41,0.444844,-0.116306
16210764984,16210765008,24,0.275879,-0.087215
16210958474,16210958502,28,0.036858,-0.005443
16211059936,16211059958,22,-0.078306,0.041648
16211161574,16211161592,18,-0.200415,0.042328
16211263481,16211263512,31,-0.309601,0.022472
16211365080,16211365136,56,-0.398734,-0.016146
16211467009,16211467031,22,-0.462142,-0.066219
16211659771,16211659795,24,-0.496473,-0.215918
16211862817,16211862843,26,-0.411461,-0.447697
16211964452,16211964484,32,-0.326348,-0.515029
16212066830,16212066859,29,-0.220273,-0.573423
16212270091,16212270113,22,0.028219,-0.621705
16212362590,16212362612,22,0.153553,-0.632924
16212464311,16212464340,29,0.268654,-0.624980
16212565895,16212565927,32,0.358614,-0.609684
16212668019,16212668042,23,0.435099,-0.575209
16212770008,16212770032,24,0.483186,-0.533529
16212871624,16212871645,21,0.499997,-0.419708
16212963417,16212963436,19,0.499997,-0.341264
16213065790,16213065809,19,0.436757,-0.231311
16213167431,16213167456,25,0.436757,-0.152771
16213269503,16213269525,22,0.272347,-0.042816
16213370921,16213370940,19,0.156850,0.051432
16213473073,16213473122,49,0.031214,0.134913
16213565606,16213565632,26,-0.095662,0.199677
16213667445,16213667481,36,-0.095662,0.245142
16213769072,16213769116,44,-0.095662,0.295914
16213870896,16213870923,27,-0.095662,0.342160
16213972619,16213972656,37,-0.464778,0.355006
16214074353,16214074384,31,-0.496277,0.353292
16214176170,16214176207,37,-0.495520,0.341456
16214267575,16214267600,25,-0.462508,0.316989
16214471117,16214471149,32,-0.462508,0.220408
16214572796,16214572830,34,-0.320380,0.182227
16214674794,16214674822,28,-0.091511,0.096962
16214777036,16214777058,22,-0.091511,0.004524
16214868576,16214868587,11,0.160901,-0.078997
16214970346,16214970370,24,0.275937,-0.126029
16215072222,16215072250,28,0.363875,-0.175498
16215174286,16215174321,35,0.438765,-0.192338
16215276090,16215276112,22,0.438765,-0.196920
16215377625,16215377648,23,0.485178,-0.202376
16215479110,16215479139,29,0.485178,-0.198407
16215571183,16215571203,20,0.485178,-0.185832
16215775219,16215775242,23,0.265913,-0.137366
16215978580,16215978603,23,0.150098,-0.016841
16216080240,16216080262,22,-0.103079,0.090284
